Case_ID,Patient_ID,Pathway,Emergency_Level,Doctor,Age_Group,Gender,Activity_Count,Total_Duration_Minutes,Start_Time,End_Time,Loopback_Flag
C0001,P0001,NORMAL,High,Dr. Verma,0-17,Male,6,59.0,2026-01-10 14:27:00,2026-01-10 15:26:00,False
C0002,P0002,NORMAL,Low,Dr. Mehta,18-24,Male,6,139.0,2026-01-10 09:47:00,2026-01-10 12:06:00,False
C0003,P0003,NORMAL,Medium,Dr. Gupta,65+,Male,6,68.0,2026-01-10 15:54:00,2026-01-10 17:02:00,False
C0004,P0004,XRAY,High,Dr. Sharma,25-34,Female,6,69.0,2026-01-10 09:49:00,2026-01-10 10:58:00,False
C0005,P0005,NORMAL,High,Dr. Mehta,55-64,Other,6,48.0,2026-01-10 16:04:00,2026-01-10 16:52:00,False
C0006,P0006,XRAY,High,Dr. Gupta,0-17,Female,6,68.0,2026-01-10 16:23:00,2026-01-10 17:31:00,False
C0007,P0007,XRAY,Low,Dr. Mehta,55-64,Other,6,126.0,2026-01-10 11:16:00,2026-01-10 13:22:00,False
C0008,P0008,XRAY_LOOPBACK,Medium,Dr. Singh,55-64,Other,8,105.0,2026-01-10 16:53:00,2026-01-10 18:38:00,True
C0009,P0009,XRAY,High,Dr. Verma,45-54,Other,6,63.0,2026-01-10 16:47:00,2026-01-10 17:50:00,False
C0010,P0010,NORMAL,High,Dr. Mehta,45-54,Other,6,66.0,2026-01-10 15:21:00,2026-01-10 16:27:00,False
C0011,P0011,XRAY,Low,Dr. Verma,0-17,Male,6,138.0,2026-01-10 13:12:00,2026-01-10 15:30:00,False
C0012,P0012,XRAY_LOOPBACK,High,Dr. Mehta,35-44,Other,8,86.0,2026-01-10 14:05:00,2026-01-10 15:31:00,True
C0013,P0013,XRAY,High,Dr. Mehta,35-44,Male,6,82.0,2026-01-10 10:20:00,2026-01-10 11:42:00,False
C0014,P0014,XRAY,High,Dr. Verma,18-24,Male,6,77.0,2026-01-10 14:11:00,2026-01-10 15:28:00,False
C0015,P0015,NORMAL,Medium,Dr. Sharma,25-34,Female,6,75.0,2026-01-10 09:57:00,2026-01-10 11:12:00,False
C0016,P0016,NORMAL,Critical,Dr. Mehta,18-24,Male,6,49.0,2026-01-10 15:32:00,2026-01-10 16:21:00,False
C0017,P0017,XRAY_LOOPBACK,High,Dr. Gupta,55-64,Other,8,75.0,2026-01-10 12:24:00,2026-01-10 13:39:00,True
C0018,P0018,NORMAL,Medium,Dr. Sharma,18-24,Other,6,66.0,2026-01-10 13:43:00,2026-01-10 14:49:00,False
C0019,P0019,NORMAL,High,Dr. Gupta,45-54,Male,6,82.0,2026-01-10 09:36:00,2026-01-10 10:58:00,False
C0020,P0020,NORMAL,Critical,Dr. Singh,0-17,Male,6,38.0,2026-01-10 10:37:00,2026-01-10 11:15:00,False
C0021,P0021,NORMAL,Medium,Dr. Verma,25-34,Male,6,82.0,2026-01-10 15:12:00,2026-01-10 16:34:00,False
C0022,P0022,NORMAL,Critical,Dr. Mehta,65+,Male,6,34.0,2026-01-10 11:07:00,2026-01-10 11:41:00,False
C0023,P0023,NORMAL,Critical,Dr. Sharma,35-44,Male,6,43.0,2026-01-10 13:08:00,2026-01-10 13:51:00,False
C0024,P0024,NORMAL,Critical,Dr. Verma,55-64,Other,6,46.0,2026-01-10 14:56:00,2026-01-10 15:42:00,False
C0025,P0025,XRAY_LOOPBACK,Critical,Dr. Mehta,0-17,Other,8,53.0,2026-01-10 09:29:00,2026-01-10 10:22:00,True
C0026,P0026,XRAY_LOOPBACK,Critical,Dr. Sharma,55-64,Male,8,69.0,2026-01-10 09:34:00,2026-01-10 10:43:00,True
C0027,P0027,NORMAL,High,Dr. Singh,45-54,Other,6,61.0,2026-01-10 14:36:00,2026-01-10 15:37:00,False
C0028,P0028,NORMAL,High,Dr. Sharma,25-34,Female,6,60.0,2026-01-10 14:30:00,2026-01-10 15:30:00,False
C0029,P0029,NORMAL,Medium,Dr. Singh,25-34,Male,6,101.0,2026-01-10 10:07:00,2026-01-10 11:48:00,False
C0030,P0030,NORMAL,Medium,Dr. Singh,55-64,Male,6,86.0,2026-01-10 11:33:00,2026-01-10 12:59:00,False
C0031,P0031,NORMAL,High,Dr. Mehta,25-34,Male,6,65.0,2026-01-10 15:07:00,2026-01-10 16:12:00,False
C0032,P0032,XRAY,High,Dr. Verma,25-34,Male,6,69.0,2026-01-10 09:01:00,2026-01-10 10:10:00,False
C0033,P0033,XRAY,Low,Dr. Singh,55-64,Male,6,102.0,2026-01-10 16:32:00,2026-01-10 18:14:00,False
C0034,P0034,XRAY,High,Dr. Verma,65+,Male,6,78.0,2026-01-10 16:40:00,2026-01-10 17:58:00,False
C0035,P0035,XRAY_LOOPBACK,Medium,Dr. Verma,18-24,Male,8,113.0,2026-01-10 15:23:00,2026-01-10 17:16:00,True
C0036,P0036,NORMAL,Critical,Dr. Verma,65+,Male,6,43.0,2026-01-10 12:15:00,2026-01-10 12:58:00,False
C0037,P0037,XRAY_LOOPBACK,High,Dr. Singh,18-24,Female,8,116.0,2026-01-10 14:37:00,2026-01-10 16:33:00,True
C0038,P0038,NORMAL,High,Dr. Sharma,25-34,Male,6,78.0,2026-01-10 09:59:00,2026-01-10 11:17:00,False
C0039,P0039,NORMAL,Medium,Dr. Singh,35-44,Other,6,84.0,2026-01-10 09:59:00,2026-01-10 11:23:00,False
C0040,P0040,XRAY,High,Dr. Sharma,55-64,Female,6,73.0,2026-01-10 09:35:00,2026-01-10 10:48:00,False
C0041,P0041,XRAY,Critical,Dr. Gupta,18-24,Male,6,46.0,2026-01-10 13:43:00,2026-01-10 14:29:00,False
C0042,P0042,NORMAL,High,Dr. Gupta,18-24,Female,6,88.0,2026-01-10 11:26:00,2026-01-10 12:54:00,False
C0043,P0043,XRAY_LOOPBACK,High,Dr. Sharma,0-17,Female,8,72.0,2026-01-10 14:37:00,2026-01-10 15:49:00,True
C0044,P0044,XRAY_LOOPBACK,Critical,Dr. Gupta,45-54,Male,8,65.0,2026-01-10 13:03:00,2026-01-10 14:08:00,True
C0045,P0045,NORMAL,Critical,Dr. Verma,0-17,Male,6,39.0,2026-01-10 14:52:00,2026-01-10 15:31:00,False
C0046,P0046,XRAY,High,Dr. Gupta,65+,Female,6,81.0,2026-01-10 10:08:00,2026-01-10 11:29:00,False
C0047,P0047,NORMAL,High,Dr. Mehta,25-34,Male,6,71.0,2026-01-10 12:50:00,2026-01-10 14:01:00,False
C0048,P0048,NORMAL,High,Dr. Mehta,25-34,Female,6,68.0,2026-01-10 11:00:00,2026-01-10 12:08:00,False
C0049,P0049,NORMAL,High,Dr. Mehta,35-44,Female,6,74.0,2026-01-10 09:32:00,2026-01-10 10:46:00,False
C0050,P0050,NORMAL,Critical,Dr. Gupta,0-17,Other,6,51.0,2026-01-10 14:56:00,2026-01-10 15:47:00,False
C0051,P0051,NORMAL,Critical,Dr. Verma,45-54,Male,6,47.0,2026-01-10 15:49:00,2026-01-10 16:36:00,False
C0052,P0052,XRAY_LOOPBACK,Medium,Dr. Gupta,35-44,Other,8,126.0,2026-01-10 15:48:00,2026-01-10 17:54:00,True
C0053,P0053,NORMAL,Medium,Dr. Sharma,65+,Female,6,90.0,2026-01-10 10:09:00,2026-01-10 11:39:00,False
C0054,P0054,NORMAL,High,Dr. Sharma,65+,Female,6,69.0,2026-01-10 11:22:00,2026-01-10 12:31:00,False
C0055,P0055,NORMAL,Low,Dr. Verma,55-64,Male,6,97.0,2026-01-10 15:39:00,2026-01-10 17:16:00,False
C0056,P0056,XRAY,Critical,Dr. Singh,45-54,Male,6,37.0,2026-01-10 09:58:00,2026-01-10 10:35:00,False
C0057,P0057,XRAY_LOOPBACK,Critical,Dr. Gupta,25-34,Other,8,70.0,2026-01-10 09:13:00,2026-01-10 10:23:00,True
C0058,P0058,XRAY,Low,Dr. Mehta,55-64,Other,6,125.0,2026-01-10 16:15:00,2026-01-10 18:20:00,False
C0059,P0059,NORMAL,Critical,Dr. Sharma,0-17,Female,6,44.0,2026-01-10 11:54:00,2026-01-10 12:38:00,False
C0060,P0060,NORMAL,Critical,Dr. Gupta,25-34,Other,6,39.0,2026-01-10 14:33:00,2026-01-10 15:12:00,False
C0061,P0061,XRAY,Critical,Dr. Mehta,35-44,Male,6,46.0,2026-01-10 16:31:00,2026-01-10 17:17:00,False
C0062,P0062,NORMAL,High,Dr. Singh,18-24,Female,6,71.0,2026-01-10 13:09:00,2026-01-10 14:20:00,False
C0063,P0063,XRAY,Critical,Dr. Gupta,18-24,Other,6,58.0,2026-01-10 09:43:00,2026-01-10 10:41:00,False
C0064,P0064,NORMAL,Critical,Dr. Verma,25-34,Male,6,51.0,2026-01-10 09:47:00,2026-01-10 10:38:00,False
C0065,P0065,NORMAL,Critical,Dr. Singh,25-34,Other,6,35.0,2026-01-10 11:49:00,2026-01-10 12:24:00,False
C0066,P0066,XRAY,Medium,Dr. Verma,55-64,Male,6,81.0,2026-01-10 15:30:00,2026-01-10 16:51:00,False
C0067,P0067,NORMAL,Low,Dr. Mehta,18-24,Female,6,122.0,2026-01-10 12:04:00,2026-01-10 14:06:00,False
C0068,P0068,XRAY,Low,Dr. Sharma,65+,Female,6,131.0,2026-01-10 14:26:00,2026-01-10 16:37:00,False
C0069,P0069,NORMAL,Low,Dr. Sharma,65+,Female,6,104.0,2026-01-10 11:09:00,2026-01-10 12:53:00,False
C0070,P0070,XRAY,Low,Dr. Mehta,0-17,Male,6,141.0,2026-01-10 11:35:00,2026-01-10 13:56:00,False
C0071,P0071,XRAY,Critical,Dr. Singh,65+,Other,6,42.0,2026-01-10 11:32:00,2026-01-10 12:14:00,False
C0072,P0072,XRAY,Medium,Dr. Verma,0-17,Male,6,101.0,2026-01-10 14:38:00,2026-01-10 16:19:00,False
C0073,P0073,XRAY,Medium,Dr. Singh,25-34,Male,6,99.0,2026-01-10 13:00:00,2026-01-10 14:39:00,False
C0074,P0074,XRAY,Critical,Dr. Sharma,55-64,Male,6,39.0,2026-01-10 14:01:00,2026-01-10 14:40:00,False
C0075,P0075,NORMAL,High,Dr. Gupta,65+,Female,6,75.0,2026-01-10 10:24:00,2026-01-10 11:39:00,False
C0076,P0076,NORMAL,High,Dr. Mehta,0-17,Female,6,71.0,2026-01-10 14:06:00,2026-01-10 15:17:00,False
C0077,P0077,NORMAL,Low,Dr. Verma,25-34,Other,6,131.0,2026-01-10 16:00:00,2026-01-10 18:11:00,False
C0078,P0078,NORMAL,Low,Dr. Gupta,65+,Female,6,102.0,2026-01-10 14:25:00,2026-01-10 16:07:00,False
C0079,P0079,NORMAL,Critical,Dr. Mehta,35-44,Female,6,39.0,2026-01-10 14:55:00,2026-01-10 15:34:00,False
C0080,P0080,NORMAL,Critical,Dr. Gupta,45-54,Male,6,58.0,2026-01-10 16:22:00,2026-01-10 17:20:00,False
C0081,P0081,NORMAL,High,Dr. Mehta,0-17,Male,6,61.0,2026-01-10 15:29:00,2026-01-10 16:30:00,False
C0082,P0082,XRAY,Medium,Dr. Singh,65+,Male,6,83.0,2026-01-10 14:11:00,2026-01-10 15:34:00,False
C0083,P0083,XRAY,Critical,Dr. Singh,55-64,Male,6,51.0,2026-01-10 10:00:00,2026-01-10 10:51:00,False
C0084,P0084,XRAY,Medium,Dr. Mehta,18-24,Female,6,85.0,2026-01-10 13:42:00,2026-01-10 15:07:00,False
C0085,P0085,XRAY_LOOPBACK,High,Dr. Singh,65+,Male,8,107.0,2026-01-10 11:16:00,2026-01-10 13:03:00,True
C0086,P0086,XRAY_LOOPBACK,Critical,Dr. Singh,45-54,Female,8,66.0,2026-01-10 15:30:00,2026-01-10 16:36:00,True
C0087,P0087,NORMAL,Critical,Dr. Verma,65+,Female,6,38.0,2026-01-10 15:01:00,2026-01-10 15:39:00,False
C0088,P0088,NORMAL,Low,Dr. Verma,45-54,Female,6,132.0,2026-01-10 09:51:00,2026-01-10 12:03:00,False
C0089,P0089,XRAY_LOOPBACK,Critical,Dr. Sharma,45-54,Other,8,76.0,2026-01-10 11:53:00,2026-01-10 13:09:00,True
C0090,P0090,XRAY,High,Dr. Verma,18-24,Other,6,72.0,2026-01-10 09:35:00,2026-01-10 10:47:00,False
C0091,P0091,XRAY,Low,Dr. Singh,25-34,Male,6,121.0,2026-01-10 14:55:00,2026-01-10 16:56:00,False
C0092,P0092,NORMAL,Medium,Dr. Verma,35-44,Other,6,107.0,2026-01-10 13:31:00,2026-01-10 15:18:00,False
C0093,P0093,NORMAL,High,Dr. Gupta,18-24,Female,6,56.0,2026-01-10 10:13:00,2026-01-10 11:09:00,False
C0094,P0094,NORMAL,Critical,Dr. Singh,45-54,Female,6,42.0,2026-01-10 11:56:00,2026-01-10 12:38:00,False
C0095,P0095,NORMAL,High,Dr. Singh,45-54,Female,6,71.0,2026-01-10 12:15:00,2026-01-10 13:26:00,False
C0096,P0096,XRAY,Critical,Dr. Singh,55-64,Male,6,48.0,2026-01-10 15:38:00,2026-01-10 16:26:00,False
C0097,P0097,XRAY_LOOPBACK,Medium,Dr. Sharma,55-64,Other,8,129.0,2026-01-10 11:08:00,2026-01-10 13:17:00,True
C0098,P0098,NORMAL,Critical,Dr. Verma,25-34,Female,6,46.0,2026-01-10 09:46:00,2026-01-10 10:32:00,False
C0099,P0099,XRAY_LOOPBACK,High,Dr. Singh,65+,Female,8,93.0,2026-01-10 16:47:00,2026-01-10 18:20:00,True
C0100,P0100,NORMAL,High,Dr. Mehta,35-44,Male,6,81.0,2026-01-10 15:44:00,2026-01-10 17:05:00,False
