KPI_Category,Dashboard_Section,KPI_Name,KPI_Value,Display_Value,Unit,Interpretation,Data_Source,Evidence_Type,Caution
Patient Volume,Patient Volume,Total Patients,100.0,100,patients,Total number of simulated patient cases.,Synthetic CareFlow analysis,Synthetic-data analysis,Synthetic demonstration only; not a real hospital outcome.
Conformance,Process Conformance,Conforming Patients,84.0,84,patients,Patients following one of the defined ideal pathways.,Synthetic CareFlow analysis,Synthetic-data analysis,Synthetic demonstration only; not a real hospital outcome.
Conformance,Process Conformance,Non-Conforming Patients,16.0,16,patients,Patients whose pathways differ from the defined ideal paths.,Synthetic CareFlow analysis,Synthetic-data analysis,Synthetic demonstration only; not a real hospital outcome.
Pathway Deviation,Pathway Deviations,Loopback Patients,16.0,16,patients,Patients whose simulated pathways return from X-Ray to Triage.,Synthetic CareFlow analysis,Synthetic-data analysis,Synthetic demonstration only; not a real hospital outcome.
Pathway Deviation,Pathway Deviations,Loopback Rate,16.0,16.00%,percent,Percentage of simulated patients with an X-Ray-to-Triage loopback.,Synthetic CareFlow analysis,Synthetic-data analysis,Synthetic demonstration only; not a real hospital outcome.
Pathway Performance,Pathway Performance,Conforming Average Duration,73.51,73.51 min,minutes,Average pathway duration among conforming simulated patients.,Synthetic CareFlow analysis,Synthetic-data analysis,Synthetic demonstration only; not a real hospital outcome.
Pathway Performance,Pathway Performance,Non-Conforming Average Duration,88.81,88.81 min,minutes,Average pathway duration among non-conforming simulated patients.,Synthetic CareFlow analysis,Synthetic-data analysis,Synthetic demonstration only; not a real hospital outcome.
Bottleneck Impact,Bottleneck Impact,Affected Patient Percentage,16.0,16.00%,percent,Share of simulated patients classified as affected by the bottleneck.,Synthetic CareFlow analysis,Synthetic-data analysis,Synthetic demonstration only; not a real hospital outcome.
Bottleneck Impact,Bottleneck Impact,Additional Time Per Affected Patient,15.3,15.30 min,minutes,Difference between non-conforming and conforming average durations.,Synthetic CareFlow analysis,Synthetic-data analysis,Synthetic demonstration only; not a real hospital outcome.
Bottleneck Impact,Bottleneck Impact,Estimated Additional Time,244.8,244.80 min,minutes,Estimated aggregate duration difference in the synthetic dataset.,Synthetic CareFlow analysis,Synthetic-data analysis,Synthetic demonstration only; not a real hospital outcome.
Improvement Simulation,Improvement Simulation,Simulated Duration Reduction Per Patient,15.3,15.30 min,minutes,Modeled duration reduction per affected patient under the simulation.,Synthetic CareFlow analysis,Simulated scenario,Synthetic demonstration only; not a real hospital outcome.
Improvement Simulation,Improvement Simulation,Simulated Reduction,17.23,17.23%,percent,Modeled percentage reduction under the improvement scenario.,Synthetic CareFlow analysis,Simulated scenario,Synthetic demonstration only; not a real hospital outcome.
Improvement Simulation,Improvement Simulation,Total Simulated Time Reduction,244.8,244.80 min,minutes,Modeled aggregate time reduction under the improvement scenario.,Synthetic CareFlow analysis,Simulated scenario,Synthetic demonstration only; not a real hospital outcome.
