Case_ID,Patient_ID,Actual_Pathway,Activity_Count,Deviation_Position,Deviation_Activity,Deviation_Type,Deviation_Flag
C0001,P0001,NORMAL,6,,,NO_DEVIATION,0
C0002,P0002,NORMAL,6,,,NO_DEVIATION,0
C0003,P0003,NORMAL,6,,,NO_DEVIATION,0
C0004,P0004,XRAY,6,,,NO_DEVIATION,0
C0005,P0005,NORMAL,6,,,NO_DEVIATION,0
C0006,P0006,XRAY,6,,,NO_DEVIATION,0
C0007,P0007,XRAY,6,,,NO_DEVIATION,0
C0008,P0008,XRAY_LOOPBACK,8,5.0,Triage,EXTRA_ACTIVITY,1
C0009,P0009,XRAY,6,,,NO_DEVIATION,0
C0010,P0010,NORMAL,6,,,NO_DEVIATION,0
C0011,P0011,XRAY,6,,,NO_DEVIATION,0
C0012,P0012,XRAY_LOOPBACK,8,5.0,Triage,EXTRA_ACTIVITY,1
C0013,P0013,XRAY,6,,,NO_DEVIATION,0
C0014,P0014,XRAY,6,,,NO_DEVIATION,0
C0015,P0015,NORMAL,6,,,NO_DEVIATION,0
C0016,P0016,NORMAL,6,,,NO_DEVIATION,0
C0017,P0017,XRAY_LOOPBACK,8,5.0,Triage,EXTRA_ACTIVITY,1
C0018,P0018,NORMAL,6,,,NO_DEVIATION,0
C0019,P0019,NORMAL,6,,,NO_DEVIATION,0
C0020,P0020,NORMAL,6,,,NO_DEVIATION,0
C0021,P0021,NORMAL,6,,,NO_DEVIATION,0
C0022,P0022,NORMAL,6,,,NO_DEVIATION,0
C0023,P0023,NORMAL,6,,,NO_DEVIATION,0
C0024,P0024,NORMAL,6,,,NO_DEVIATION,0
C0025,P0025,XRAY_LOOPBACK,8,5.0,Triage,EXTRA_ACTIVITY,1
C0026,P0026,XRAY_LOOPBACK,8,5.0,Triage,EXTRA_ACTIVITY,1
C0027,P0027,NORMAL,6,,,NO_DEVIATION,0
C0028,P0028,NORMAL,6,,,NO_DEVIATION,0
C0029,P0029,NORMAL,6,,,NO_DEVIATION,0
C0030,P0030,NORMAL,6,,,NO_DEVIATION,0
C0031,P0031,NORMAL,6,,,NO_DEVIATION,0
C0032,P0032,XRAY,6,,,NO_DEVIATION,0
C0033,P0033,XRAY,6,,,NO_DEVIATION,0
C0034,P0034,XRAY,6,,,NO_DEVIATION,0
C0035,P0035,XRAY_LOOPBACK,8,5.0,Triage,EXTRA_ACTIVITY,1
C0036,P0036,NORMAL,6,,,NO_DEVIATION,0
C0037,P0037,XRAY_LOOPBACK,8,5.0,Triage,EXTRA_ACTIVITY,1
C0038,P0038,NORMAL,6,,,NO_DEVIATION,0
C0039,P0039,NORMAL,6,,,NO_DEVIATION,0
C0040,P0040,XRAY,6,,,NO_DEVIATION,0
C0041,P0041,XRAY,6,,,NO_DEVIATION,0
C0042,P0042,NORMAL,6,,,NO_DEVIATION,0
C0043,P0043,XRAY_LOOPBACK,8,5.0,Triage,EXTRA_ACTIVITY,1
C0044,P0044,XRAY_LOOPBACK,8,5.0,Triage,EXTRA_ACTIVITY,1
C0045,P0045,NORMAL,6,,,NO_DEVIATION,0
C0046,P0046,XRAY,6,,,NO_DEVIATION,0
C0047,P0047,NORMAL,6,,,NO_DEVIATION,0
C0048,P0048,NORMAL,6,,,NO_DEVIATION,0
C0049,P0049,NORMAL,6,,,NO_DEVIATION,0
C0050,P0050,NORMAL,6,,,NO_DEVIATION,0
C0051,P0051,NORMAL,6,,,NO_DEVIATION,0
C0052,P0052,XRAY_LOOPBACK,8,5.0,Triage,EXTRA_ACTIVITY,1
C0053,P0053,NORMAL,6,,,NO_DEVIATION,0
C0054,P0054,NORMAL,6,,,NO_DEVIATION,0
C0055,P0055,NORMAL,6,,,NO_DEVIATION,0
C0056,P0056,XRAY,6,,,NO_DEVIATION,0
C0057,P0057,XRAY_LOOPBACK,8,5.0,Triage,EXTRA_ACTIVITY,1
C0058,P0058,XRAY,6,,,NO_DEVIATION,0
C0059,P0059,NORMAL,6,,,NO_DEVIATION,0
C0060,P0060,NORMAL,6,,,NO_DEVIATION,0
C0061,P0061,XRAY,6,,,NO_DEVIATION,0
C0062,P0062,NORMAL,6,,,NO_DEVIATION,0
C0063,P0063,XRAY,6,,,NO_DEVIATION,0
C0064,P0064,NORMAL,6,,,NO_DEVIATION,0
C0065,P0065,NORMAL,6,,,NO_DEVIATION,0
C0066,P0066,XRAY,6,,,NO_DEVIATION,0
C0067,P0067,NORMAL,6,,,NO_DEVIATION,0
C0068,P0068,XRAY,6,,,NO_DEVIATION,0
C0069,P0069,NORMAL,6,,,NO_DEVIATION,0
C0070,P0070,XRAY,6,,,NO_DEVIATION,0
C0071,P0071,XRAY,6,,,NO_DEVIATION,0
C0072,P0072,XRAY,6,,,NO_DEVIATION,0
C0073,P0073,XRAY,6,,,NO_DEVIATION,0
C0074,P0074,XRAY,6,,,NO_DEVIATION,0
C0075,P0075,NORMAL,6,,,NO_DEVIATION,0
C0076,P0076,NORMAL,6,,,NO_DEVIATION,0
C0077,P0077,NORMAL,6,,,NO_DEVIATION,0
C0078,P0078,NORMAL,6,,,NO_DEVIATION,0
C0079,P0079,NORMAL,6,,,NO_DEVIATION,0
C0080,P0080,NORMAL,6,,,NO_DEVIATION,0
C0081,P0081,NORMAL,6,,,NO_DEVIATION,0
C0082,P0082,XRAY,6,,,NO_DEVIATION,0
C0083,P0083,XRAY,6,,,NO_DEVIATION,0
C0084,P0084,XRAY,6,,,NO_DEVIATION,0
C0085,P0085,XRAY_LOOPBACK,8,5.0,Triage,EXTRA_ACTIVITY,1
C0086,P0086,XRAY_LOOPBACK,8,5.0,Triage,EXTRA_ACTIVITY,1
C0087,P0087,NORMAL,6,,,NO_DEVIATION,0
C0088,P0088,NORMAL,6,,,NO_DEVIATION,0
C0089,P0089,XRAY_LOOPBACK,8,5.0,Triage,EXTRA_ACTIVITY,1
C0090,P0090,XRAY,6,,,NO_DEVIATION,0
C0091,P0091,XRAY,6,,,NO_DEVIATION,0
C0092,P0092,NORMAL,6,,,NO_DEVIATION,0
C0093,P0093,NORMAL,6,,,NO_DEVIATION,0
C0094,P0094,NORMAL,6,,,NO_DEVIATION,0
C0095,P0095,NORMAL,6,,,NO_DEVIATION,0
C0096,P0096,XRAY,6,,,NO_DEVIATION,0
C0097,P0097,XRAY_LOOPBACK,8,5.0,Triage,EXTRA_ACTIVITY,1
C0098,P0098,NORMAL,6,,,NO_DEVIATION,0
C0099,P0099,XRAY_LOOPBACK,8,5.0,Triage,EXTRA_ACTIVITY,1
C0100,P0100,NORMAL,6,,,NO_DEVIATION,0
