Duration_Rank,From_Activity,To_Activity,Transition_Count,Average_Duration_Minutes,Minimum_Duration_Minutes,Maximum_Duration_Minutes,Estimated_Total_Duration_Minutes
1,Treatment,Discharge,100,21.07,8.0,52.0,2107.0
2,X-Ray,Treatment,30,20.83,10.0,38.0,624.9
3,X-Ray,Triage,16,20.19,14.0,33.0,323.04
4,Doctor Consultation,X-Ray,46,16.48,5.0,38.0,758.08
5,Doctor Consultation,Investigation,54,16.13,6.0,35.0,871.02
6,Doctor Consultation,Treatment,16,14.06,6.0,28.0,224.96
7,Investigation,Treatment,54,13.96,6.0,32.0,753.84
8,Triage,Doctor Consultation,116,9.53,2.0,26.0,1105.48
9,Registration,Triage,100,8.28,2.0,20.0,828.0
